"model","prior","class","coef","group"
"ranef_nested_sleep","","b","",""
"ranef_nested_sleep","normal(0, 39.1132094)","b","Days_c",""
"ranef_nested_sleep","normal(298.5078917, 281.6437856)","Intercept","",""
"ranef_nested_sleep","student_t(3, 0, 59.3)","sd","",""
"ranef_nested_sleep","","sd","","Batch"
"ranef_nested_sleep","exponential(0.01775292144)","sd","Intercept","Batch"
"ranef_nested_sleep","","sd","","Batch:Subject"
"ranef_nested_sleep","exponential(0.01775292144)","sd","Intercept","Batch:Subject"
"ranef_nested_sleep","exponential(0.01775292144)","sigma","",""
